{"cameraMode":{"drawMode":0,"name":"Shaded","section":"Shading Mode"},"sceneLighting":false,"audioPlay":false,"sceneViewState":{"showFog":true,"showMaterialUpdate":false,"showSkybox":false,"showFlares":true,"showImageEffects":true,"showParticleSystems":true,"showVisualEffectGraphs":true,"m_FxEnabled":true},"in2DMode":false,"pivot":{"x":-0.000560760498046875,"y":4.216958999633789,"z":0.23503339290618897},"rotation":{"x":0.13103407621383668,"y":0.8351551294326782,"z":-0.22601519525051118,"w":0.4840657114982605},"size":2.503690719604492,"orthographic":false}